<?xml version="1.0" encoding="UTF-8"?>
<domain:mule-domain
        xmlns:tls="http://www.mulesoft.org/schema/mule/tls"
        xmlns:http="http://www.mulesoft.org/schema/mule/http"
        xmlns="http://www.mulesoft.org/schema/mule/core"
        xmlns:domain="http://www.mulesoft.org/schema/mule/ee/domain"
        xmlns:xsi="http://www.w3.org/2001/XMLSchema-instance" xmlns:doc="http://www.mulesoft.org/schema/mule/documentation" xsi:schemaLocation="
               http://www.mulesoft.org/schema/mule/core http://www.mulesoft.org/schema/mule/core/current/mule.xsd
               http://www.mulesoft.org/schema/mule/ee/domain http://www.mulesoft.org/schema/mule/ee/domain/current/mule-domain-ee.xsd
http://www.mulesoft.org/schema/mule/http http://www.mulesoft.org/schema/mule/http/current/mule-http.xsd
http://www.mulesoft.org/schema/mule/tls http://www.mulesoft.org/schema/mule/tls/current/mule-tls.xsd">
	<http:listener-config name="internal-services-domain-HTTP-Listener-config" doc:name="HTTP Listener config" doc:id="f933c8df-5444-4462-9feb-90c708710f87" >
		<http:listener-connection host="${internal.services.domain.https.private.host}" port="${internal.services.domain.https.private.port}" connectionIdleTimeout="${internal.services.domain.connection.timeout}" protocol="HTTPS">
		<tls:context >
				<tls:key-store path="${internal.services.domain.https.keystore.path}" password="${internal.services.domain.https.keystore.password}" type="jks" keyPassword="${internal.services.domain.https.keystore.password}"/>
			</tls:context>
		</http:listener-connection>
	</http:listener-config>
	<configuration-properties doc:name="Configuration properties" doc:id="198c6b0b-d43a-4e34-abc9-a8dc84aec0be" file="C:\Users\rsutuma\Desktop\ST Folders\7.8 Ws\internal-services-domain-project-1.0.5-mule-domain\src\main\resources\domain.internal-services.${env}.properties" />
	<global-property doc:name="Global Property" doc:id="3dceffdb-73a1-40f2-95e6-085e558be5d9" name="env" value="dev" />
    <!-- configure here resource to be shared within the domain -->

</domain:mule-domain>
