<?xml version="1.0" encoding="UTF-8"?>

<mule xmlns:db="http://www.mulesoft.org/schema/mule/db" xmlns:google-maps="http://www.mulesoft.org/schema/mule/google-maps"
	xmlns:ee="http://www.mulesoft.org/schema/mule/ee/core"
	xmlns:http="http://www.mulesoft.org/schema/mule/http" xmlns="http://www.mulesoft.org/schema/mule/core" xmlns:doc="http://www.mulesoft.org/schema/mule/documentation" xmlns:xsi="http://www.w3.org/2001/XMLSchema-instance" xsi:schemaLocation="http://www.mulesoft.org/schema/mule/core http://www.mulesoft.org/schema/mule/core/current/mule.xsd
http://www.mulesoft.org/schema/mule/http http://www.mulesoft.org/schema/mule/http/current/mule-http.xsd
http://www.mulesoft.org/schema/mule/ee/core http://www.mulesoft.org/schema/mule/ee/core/current/mule-ee.xsd
http://www.mulesoft.org/schema/mule/google-maps http://www.mulesoft.org/schema/mule/google-maps/current/mule-google-maps.xsd
http://www.mulesoft.org/schema/mule/db http://www.mulesoft.org/schema/mule/db/current/mule-db.xsd">
	<http:request-config name="invoke_DnB" doc:name="HTTP Request configuration" doc:id="889a1c73-caad-4d08-b9d5-eb829d608012" >
		<http:request-connection protocol="HTTPS" host="plus.dnb.com" />
	</http:request-config>
	<db:config name="Database_Config" doc:name="Database Config" doc:id="38c172c4-bee3-4b35-a65b-e66697229224" >
		<db:mssql-connection host="DWDVS01MDMD001" port="1433" user="mulesvcdev" password="WT_mulesvcdev_2019" databaseName="WTFC_MULE" />
	</db:config>
	<sub-flow name="sys-dnb-tokenize" doc:id="4ddc6a5e-952e-4d54-830d-cc59e945b083" >
		<logger level="INFO" doc:name="Logger" doc:id="d6ab69f9-cf24-415f-82d3-70247231bd27" message="Tokenize flow started" />
		<http:request method="POST" doc:name="Tokenize_Request" doc:id="2dc28f12-5b0a-4d6a-b9df-54af31304007" config-ref="invoke_DnB" path="/v2/token">
			<http:body ><![CDATA[#[%dw 2.0
output application/json
---
{
	"grant_type" : "client_credentials"
}]]]></http:body>
			<http:headers ><![CDATA[#[output application/java
---
{
	"Authorization" : "Basic YTQ2OTY0MGUzMzZlNDUzN2FlYmNlNjIwYTY3MmQwY2ExYmFjNTMwOTZkNGY0YTY5OWIyZTJiOWQ5NWU1ODVkZjo4Yjg2ZTBkZWE1MjI0MDIxYjFlNDQ2MmUzMWNmMDlkZmRjYmVkZjlkOGE5NDQ4NDU5YzJmMWM3M2UzODUyZDIz",
	"Content-Type" : "application/json"
}]]]></http:headers>
		</http:request>
		<set-variable value='#["Bearer " ++ payload.access_token]' doc:name="Set bearer token" doc:id="6424f685-c419-4113-be6f-0684c8e278a9" variableName="token" />
		<logger level="INFO" doc:name="Logger" doc:id="49b92151-772a-41c5-b51c-3a666c9d88f5" message="Tokenize flow end" />
	</sub-flow>
	<sub-flow name="sys-dnb-multiProcess-jobSubmission-Implementation-flow" doc:id="3fce6546-d7d8-43ab-99db-8e1b71e08d78" >
		<logger level="INFO" doc:name="Logger" doc:id="aa54e1b0-7d9b-4b8f-9cf5-158ba506b453" message="CompanyInfo or HierarchyConn flow started"/>
		<flow-ref doc:name="Flow Reference" doc:id="37096fb7-307b-459e-ab2d-c1caa8a53f5d" name="sys-dnb-tokenize"/>
		<http:request method="GET" doc:name="getJobSubmission" doc:id="171ad51a-efc2-4737-a4e3-775c7b84cb61" config-ref="invoke_DnB" path="/v1/multiprocess/jobSubmission">
			<http:headers ><![CDATA[#[output application/java
---
{
	"Authorization" : vars.token,
	"Customer-Key" : "YTQ2OTY0MGUzMzZlNDUzN2FlYmNlNjIwYTY3MmQwY2E="
}]]]></http:headers>
			<http:query-params ><![CDATA[#[%dw 2.0
output application/json
---
{
	"processID": "match",
	"processVersion" : "V1",
	"inputFileName" : "Multiprocess.csv"
}]]]></http:query-params>
		</http:request>
		<ee:transform doc:name="Transform Message" doc:id="a2f5c665-c6d2-44e3-9e3a-f21602086736" >
			<ee:message >
			</ee:message>
			<ee:variables >
				<ee:set-variable variableName="jobSubRes" ><![CDATA[%dw 2.0
output application/json
---
payload]]></ee:set-variable>
			</ee:variables>
		</ee:transform>
		<flow-ref doc:name="sys-dnb-uploadInputFile-implementation" doc:id="02519ebd-1fa8-4d5a-851c-0d90c2708581" name="sys-dnb-uploadInputFile-implementation"/>
	</sub-flow>
	<sub-flow name="sys-dnb-uploadInputFile-implementation" doc:id="b078d3e2-b10a-4c26-993f-4149b8275e25" >
		<logger level="INFO" doc:name="Logger" doc:id="676c3d2b-789d-40f2-a3e3-154d6c09999a" message="familyTree flow started"/>
		<ee:transform doc:name="inputFile" doc:id="068f9ec6-a172-48a5-89a0-816465fea793" >
			<ee:message >
				<ee:set-payload ><![CDATA[%dw 2.0
output application/java
---
{
}]]></ee:set-payload>
			</ee:message>
		</ee:transform>
		<http:request method="PUT" doc:name="putUploadInputFile" doc:id="67ee7bab-a1b7-4664-bb32-36f22a4cc139" url="#[vars.jobSubRes.jobSubmissionDetail.contentURL]"/>
		<ee:transform doc:name="Transform Message" doc:id="c9992b03-5b4a-41bd-8cb1-7a0308aefadb" >
			<ee:message >
				<ee:set-payload ><![CDATA[%dw 2.0
output application/json
---
payload]]></ee:set-payload>
			</ee:message>
		</ee:transform>
		<db:update doc:name="Update" doc:id="11c8b28e-d82d-48c3-882b-6eae1f2095d4" config-ref="Database_Config">
			<db:sql><![CDATA[INSERT INTO [dbo].[dnb_job_exec_status]
           ([job_id]
           ,[upload_url]
           ,[upload_timestamp]
           ,[upload_status]
           )
     VALUES
           (jobId
           ,uploadUrl
           ,uploadTimestamp
           ,uploadStatus
           )
]]></db:sql>
			<db:input-parameters><![CDATA[#[{
	'jobId' : vars.jobSubRes.jobID, 
	'uploadUrl' : vars.jobSubRes.jobSubmissionDetail.contentURL,
    'uploadTimestamp' : now() as String {format: "MM-dd-yyyy HH:mm:ss.SSS"},
     'uploadStatus' : "Upload"	
	}]]]></db:input-parameters>
		</db:update>
		<logger level="INFO" doc:name="Logger" doc:id="b20920b2-d135-4584-aab6-dc14be806f82" message="FamilyTree flow end"/>
		
	
</sub-flow>
</mule>