<?xml version="1.0" encoding="UTF-8"?>

<mule xmlns:http="http://www.mulesoft.org/schema/mule/http"
	xmlns:ee="http://www.mulesoft.org/schema/mule/ee/core"
	xmlns:db="http://www.mulesoft.org/schema/mule/db" xmlns:sftp="http://www.mulesoft.org/schema/mule/sftp"
	xmlns="http://www.mulesoft.org/schema/mule/core"
	xmlns:doc="http://www.mulesoft.org/schema/mule/documentation" xmlns:xsi="http://www.w3.org/2001/XMLSchema-instance" xsi:schemaLocation="
http://www.mulesoft.org/schema/mule/http http://www.mulesoft.org/schema/mule/http/current/mule-http.xsd 
http://www.mulesoft.org/schema/mule/ee/core http://www.mulesoft.org/schema/mule/ee/core/current/mule-ee.xsd http://www.mulesoft.org/schema/mule/core http://www.mulesoft.org/schema/mule/core/current/mule.xsd
http://www.mulesoft.org/schema/mule/sftp http://www.mulesoft.org/schema/mule/sftp/current/mule-sftp.xsd
http://www.mulesoft.org/schema/mule/db http://www.mulesoft.org/schema/mule/db/current/mule-db.xsd">
	<flow name="sys-dnb-multiprocessFlow" doc:id="437ee496-0d30-463d-85b6-c4d7055ac0ed" >
		<!-- <scheduler doc:name="Scheduler" doc:id="0417ee0e-fc36-4eec-9899-0a83458f4f6f" >
			<scheduling-strategy >
				<fixed-frequency frequency="30" timeUnit="MINUTES"/>
			</scheduling-strategy>
		</scheduler> -->
		<http:listener doc:name="Listener" doc:id="6e8a25f1-69b9-4fcf-aff8-940ed139b2c9" config-ref="HTTP_Listener_config" path="/multiprocess"/>
		<logger level="INFO" doc:name="Request Logger" doc:id="d833dce6-1483-49fb-a4df-2146ac0c2fda" message="Request Recieved for sys-dnb-multiprocessFlow" />
		<flow-ref doc:name="Flow Reference JobStatus-implementation" doc:id="7ada2452-02c0-4261-bc59-1e8e873c1e90" name="sys-dnb-verifyJobStatus-implementation"/>
		<choice doc:name="Choice" doc:id="ccd78e8e-3765-4bcc-9412-f2cf3f47bb42" >
			<when expression='#[vars.verifyJobRes.outputDetail.jobStatus == "processed"]'>
				<flow-ref doc:name="Flow Reference  downloadOutputFile-implementation" doc:id="b0c56343-8f41-435c-aa82-a0e4417dd308" name="sys-dnb-downloadOutputFile-implementation" />
				<db:insert doc:name="Insert" doc:id="e92b270f-6d60-4ab6-9951-b771d9b95829" config-ref="Database_Config">
					<db:sql ><![CDATA[insert into student values("Abc")]]></db:sql>
				</db:insert>
			</when>
			<otherwise >
				<db:insert doc:name="Insert" doc:id="c6d6ea8c-c646-44d4-9d8f-0bcf9bb40d60" config-ref="Database_Config">
					<db:sql ><![CDATA[insert into student values("Abc")]]></db:sql>
				</db:insert>
			</otherwise>
		</choice>
		<logger level="INFO" doc:name="Response Logger" doc:id="3f4188ff-2877-4ea8-a890-661a982e2d2a" message="Response sent for for sys-dnb-multiprocessFlow"/>
	</flow>
	
	

 <sub-flow name="sys-dnb-verifyJobStatus-implementation" doc:id="1c0fd66f-fe49-45ac-a35c-726ac6734887">
  <logger level="INFO" doc:name="Logger" doc:id="ffeaf782-8e2e-4f0f-8e54-a2b0069ed876" message="Request Recieve for Job Status " />
  <flow-ref doc:name="sys-dnb-tokenize" doc:id="ab6a0c73-d695-4cdc-9140-b9a8448083db" name="sys-dnb-tokenize" />
  <http:request method="GET" doc:name="getVerifyJobStatus" doc:id="f0e745fa-fdcd-490e-8da7-a75bc95bb687" config-ref="invoke_DnB" path="/v2/multiprocess/jobStatus/{jobID}">
   <http:headers><![CDATA[#[output application/java
---
{
 "Authorization" : vars.token,
 "Customer-Key" : p('Customer-Key')
}]]]></http:headers>
   <http:uri-params><![CDATA[#[output application/java
---
{
 "jobID" : vars.jobSubRes.jobID
}]]]></http:uri-params>
  </http:request>
  <ee:transform doc:name="Transform Message" doc:id="df695548-7111-4aa9-ba3a-7a5727bf71f6">
   <ee:message>
   </ee:message>
   <ee:variables>
				<ee:set-variable variableName="verifyJobRes" ><![CDATA[%dw 2.0
output application/json
---
payload]]></ee:set-variable>
   </ee:variables>
  </ee:transform>
  <logger level="INFO" doc:name="Logger" doc:id="cb276420-8ada-4666-94b7-af9fea178718" message="Request Sent for Job Status " />
 </sub-flow>
	<sub-flow name="sys-dnb-tokenize" doc:id="2b0d1f61-3cc7-4763-b911-cda20b3a3ed3" >
  <logger level="INFO" doc:name="Logger" doc:id="1248c964-eb9c-44ec-bd66-41fcf38a23d8" message="Tokenize flow started" />
  <http:request method="POST" doc:name="Tokenize_Request" doc:id="9fbd82b9-1ba4-45de-a5d6-5e798b9cd558" config-ref="invoke_DnB" path="/v2/token">
   <http:body ><![CDATA[#[%dw 2.0
output application/json
---
{
 "grant_type" : "client_credentials"
}]]]></http:body>
   <http:headers ><![CDATA[#[output application/java
---
{
 "Authorization" : "Basic YTQ2OTY0MGUzMzZlNDUzN2FlYmNlNjIwYTY3MmQwY2ExYmFjNTMwOTZkNGY0YTY5OWIyZTJiOWQ5NWU1ODVkZjo4Yjg2ZTBkZWE1MjI0MDIxYjFlNDQ2MmUzMWNmMDlkZmRjYmVkZjlkOGE5NDQ4NDU5YzJmMWM3M2UzODUyZDIz",
 "Content-Type" : "application/json"
}]]]></http:headers>
  </http:request>
  <set-variable value='#["Bearer " ++ payload.access_token]' doc:name="Set bearer token" doc:id="6d531b73-0148-410b-b3dd-58fdc6d0a9c9" variableName="token" />
  <logger level="INFO" doc:name="Logger" doc:id="6daf6daf-bf25-4c3b-bdd3-1c22c23eca49" message="Tokenize flow end" />
 </sub-flow>
 <!-- <sub-flow name="sys-dnb-multiprocess-jobSubmission-Implementation" doc:id="64382ad1-b516-4cf3-bba1-b8b6fb8fdf66" >
  <logger level="INFO" doc:name="Logger" doc:id="c48015c7-e331-430b-acab-96d346bef01d" message="CompanyInfo or HierarchyConn flow started"/>
  <set-variable value="#[attributes.queryParams]" doc:name="extract query params" doc:id="d71d5908-aa62-4d8e-9cc8-789267a4e64d" variableName="jobSubParams"/>
  <logger level="INFO" doc:name="Logger" doc:id="561175f3-9c1d-442f-8b28-7bb4d9d66e2c" message="#[vars.jobSubParams]"/>
  <flow-ref doc:name="Flow Reference" doc:id="2c52e9dc-6d98-419a-8112-b211e843ee1b" name="sys-dnb-tokenize"/>
  <http:request method="GET" doc:name="getJobSubmission" doc:id="ed3b520c-140a-4c62-874c-0dc3b6ba040a" config-ref="invoke_DnB" path="/v1/multiprocess/jobSubmission">
   <http:headers ><![CDATA[#[output application/java
-&#45;&#45;
{
 "Authorization" : vars.token,
 "Customer-Key" : "YTQ2OTY0MGUzMzZlNDUzN2FlYmNlNjIwYTY3MmQwY2E="
}]]]></http:headers>
   <http:query-params ><![CDATA[#[%dw 2.0
output application/json
-&#45;&#45;
vars.jobSubParams]]]></http:query-params>
  </http:request>
  <ee:transform doc:name="Transform Message" doc:id="101b637a-4eda-4012-9a70-9245bfd2c897" >
   <ee:message >
   </ee:message>
   <ee:variables >
    <ee:set-variable variableName="jobSubRes" ><![CDATA[%dw 2.0
output application/json
-&#45;&#45;
payload]]></ee:set-variable>
   </ee:variables>
  </ee:transform>
  <logger level="INFO" doc:name="Logger" doc:id="ba8b7a11-4c88-490c-a20f-167348fe7f85" message="CompanyInfo or HierarchyConn flow end"/>
  <flow-ref doc:name="sys-dnb-uploadInputFile-implementation" doc:id="2ff6bf93-3236-4d8d-91c0-96c867a423d5" name="sys-dnb-uploadInputFile-implementation"/>
 </sub-flow> -->
<!--  <sub-flow name="sys-dnb-uploadInputFile-implementation" doc:id="d081ea0d-a8a1-43b7-941f-5194f9f4a67e" >
  <logger level="INFO" doc:name="Logger" doc:id="601723e2-c25d-4244-8ac6-26925c49e260" message="familyTree flow started"/>
  <ee:transform doc:name="inputFile" doc:id="ad4341e4-f1f2-4da7-be07-c10b4b55e09c" >
   <ee:message >
    <ee:set-payload ><![CDATA[%dw 2.0
output application/java
-&#45;&#45;
{
}]]></ee:set-payload>
   </ee:message>
  </ee:transform>
  <http:request method="PUT" doc:name="putUploadInputFile" doc:id="50a23b5c-9008-416e-b198-c3f6c1646398" url="#[vars.jobSubRes.jobSubmissionDetail.contentURL]"/>
  <ee:transform doc:name="Transform Message" doc:id="19986162-da85-4eea-a1e4-a9b26f1637d6" >
   <ee:message >
    <ee:set-payload ><![CDATA[%dw 2.0
output application/json
-&#45;&#45;
payload]]></ee:set-payload>
   </ee:message>
  </ee:transform>
  <logger level="INFO" doc:name="Logger" doc:id="285ee9f8-36f5-4ecd-9d12-ecacdc0441aa" message="FamilyTree flow end"/>
  <flow-ref doc:name="sys-dnb-verifyJobStatus-implementation" doc:id="9520aa4b-3b10-4cfe-9701-58171230f23e" name="sys-dnb-verifyJobStatus-implementation"/>

<flow name="sys-dnb-multiprocessFlow" doc:id="92694b5c-de1c-4c48-ab19-f01e8a330bff" >
		<scheduler doc:name="Scheduler" doc:id="16d0beb9-3c6c-4d5e-9039-e94bb9e7a647" >
			<scheduling-strategy >
				<fixed-frequency />
			</scheduling-strategy>
		</scheduler>
		<logger level="INFO" doc:name="Logger" doc:id="a19111cc-7530-452f-9055-9cd8d60c8de1" message="Request Recieved for sys-dnb-multiprocessFlow" />
		<flow-ref doc:name="Flow Reference" doc:id="9014cbf2-f6cd-4c42-9286-fd6535b69229" name="sys-dnb-verifyJobStatus-implementation"/>
		<flow-ref doc:name="Flow Reference" doc:id="85fc87b3-d55d-48d3-9b0d-11cf90df157a" name="sys-dnb-downloadOutputFile-implementation"/>
		<db:select doc:name="Select" doc:id="401fed6a-6eaa-4763-acca-b427d690aed3" config-ref="Database_Config">
			<db:sql><![CDATA[select * from dummy]]></db:sql>
		</db:select>
		<logger level="INFO" doc:name="Logger" doc:id="80b3b5fb-aa43-4920-b7b2-6b9588de8a73" message="Response sent for for sys-dnb-multiprocessFlow"/>
		<error-handler ref="errorError_Handler" />
	</flow>  -->
 <sub-flow name="sys-dnb-downloadOutputFile-implementation" doc:id="78c490b3-d433-4671-b635-c1769c23d8ae" >
  <logger level="INFO" doc:name="Logger" doc:id="9ea9cbc2-ba08-4ed6-a9f4-cd030e24483f" />
  <http:request method="GET" doc:name="getDownladOutputFile" doc:id="12f190a8-db59-4d00-a5e8-d332f2d73a23" config-ref="invoke_DnB" url="#[vars.verifyJobRes.outputDetail.contentURL]"/>
  <ee:transform doc:name="Transform Message" doc:id="81b5ccc5-8908-49e8-a184-0b5b774b824b" >
   <ee:message >
    <ee:set-payload ><![CDATA[%dw 2.0
output application/json
---
payload]]></ee:set-payload>
   </ee:message>
  </ee:transform>
  <logger level="INFO" doc:name="Logger" doc:id="87be1eca-6d63-440d-a7eb-ee6d4c9a66fb" />
 </sub-flow>
</mule>