<?xml version="1.0" encoding="UTF-8"?>

<mule xmlns:http="http://www.mulesoft.org/schema/mule/http"
	xmlns:db="http://www.mulesoft.org/schema/mule/db"
	xmlns:sftp="http://www.mulesoft.org/schema/mule/sftp"
	xmlns="http://www.mulesoft.org/schema/mule/core" xmlns:doc="http://www.mulesoft.org/schema/mule/documentation"
	xmlns:xsi="http://www.w3.org/2001/XMLSchema-instance"
	xsi:schemaLocation="
http://www.mulesoft.org/schema/mule/http http://www.mulesoft.org/schema/mule/http/current/mule-http.xsd 
http://www.mulesoft.org/schema/mule/db http://www.mulesoft.org/schema/mule/db/current/mule-db.xsd 
http://www.mulesoft.org/schema/mule/sftp http://www.mulesoft.org/schema/mule/sftp/current/mule-sftp.xsd http://www.mulesoft.org/schema/mule/core http://www.mulesoft.org/schema/mule/core/current/mule.xsd">
	<configuration-properties doc:name="Configuration properties" doc:id="14f279ca-74f5-4d96-b51a-cc7a965f172c" file="config/${MULE_ENV}.yaml" />
	<db:config name="Database_Config" doc:name="Database Config" doc:id="623112b9-1bdd-4827-ad57-0e6e8548f345" >
		<db:mssql-connection host="${db.host}" port="${db.port}" user="${db.username}" password="${db.password}" databaseName="${db.database}" />
	</db:config>
	<configuration doc:name="Configuration" doc:id="955a06f8-9e58-4694-a501-f2877254d1a0" defaultErrorHandler-ref="errorError_Handler"/>
		 <http:request-config name="invoke_DnB" doc:name="HTTP Request configuration" doc:id="266e6756-403a-475f-8694-e52becea9236" >
  <http:request-connection protocol="HTTPS" host="${http.requester.jobstatus.host}" port="${http.requester.jobstatus.port}"/>
 </http:request-config>
	<http:listener-config name="HTTP_Listener_config" doc:name="HTTP Listener config" doc:id="107adfd5-f633-4135-9466-4c824912eab5" >
		<http:listener-connection host="${http.listener.host}" port="${http.listener.port}" />
	</http:listener-config>
	
	</mule>
