{
  "retrieveGatewayPaymentTransaction": [
    {
      "transactionReferenceId": "TDGDBw387483",
      "responseCode": "100",
      "amount": 5000,
      "paymentCurrencyCode": "USD",
      "dateTimeOfTransaction": "2021-04-01 12:23:34",
      "paymentMode": "credit",
      "CreditCardNumber": "7465-7646-8734-7634",
      "debitCardNumber": "7465-7646-8734-7634",
      "upiNumber": "dsjfghsdgfjsdfjsgfwryti",
      "NameOfCustomer": "XYZ"
    },
    {
      "transactionReferenceId": "TDGDBw387483",
      "responseCode": "100",
      "amount": 5000,
      "paymentCurrencyCode": "USD",
      "dateTimeOfTransaction": "2021-04-01 12:23:34",
      "paymentMode": "credit",
      "CreditCardNumber": "7465-7646-8734-7634",
      "debitCardNumber": "7465-7646-8734-7634",
      "upiNumber": "dsjfghsdgfjsdfjsgfwryti",
      "NameOfCustomer": "XYZ"
    }
  ]
}
